CREATE DATABASE  IF NOT EXISTS `motorph` /*!40100 DEFAULT CHARACTER SET utf8mb4 COLLATE utf8mb4_unicode_ci */;
USE `motorph`;
-- MySQL dump 10.13  Distrib 8.0.29, for Win64 (x86_64)
--
-- Host: 127.0.0.1    Database: motorph
-- ------------------------------------------------------
-- Server version	5.7.33

/*!40101 SET @OLD_CHARACTER_SET_CLIENT=@@CHARACTER_SET_CLIENT */;
/*!40101 SET @OLD_CHARACTER_SET_RESULTS=@@CHARACTER_SET_RESULTS */;
/*!40101 SET @OLD_COLLATION_CONNECTION=@@COLLATION_CONNECTION */;
/*!50503 SET NAMES utf8 */;
/*!40103 SET @OLD_TIME_ZONE=@@TIME_ZONE */;
/*!40103 SET TIME_ZONE='+00:00' */;
/*!40014 SET @OLD_UNIQUE_CHECKS=@@UNIQUE_CHECKS, UNIQUE_CHECKS=0 */;
/*!40014 SET @OLD_FOREIGN_KEY_CHECKS=@@FOREIGN_KEY_CHECKS, FOREIGN_KEY_CHECKS=0 */;
/*!40101 SET @OLD_SQL_MODE=@@SQL_MODE, SQL_MODE='NO_AUTO_VALUE_ON_ZERO' */;
/*!40111 SET @OLD_SQL_NOTES=@@SQL_NOTES, SQL_NOTES=0 */;

--
-- Table structure for table `attendance`
--

DROP TABLE IF EXISTS `attendance`;
/*!40101 SET @saved_cs_client     = @@character_set_client */;
/*!50503 SET character_set_client = utf8mb4 */;
CREATE TABLE `attendance` (
  `id` int(11) NOT NULL AUTO_INCREMENT,
  `employeeId` int(11) DEFAULT NULL,
  `date` datetime DEFAULT NULL,
  `timeIn` time DEFAULT NULL,
  `timeOut` time DEFAULT NULL,
  PRIMARY KEY (`id`),
  KEY `employeeId_idx` (`employeeId`),
  KEY `employeeId_idatt` (`employeeId`),
  CONSTRAINT `att_e_id` FOREIGN KEY (`employeeId`) REFERENCES `employee` (`id`)
) ENGINE=InnoDB AUTO_INCREMENT=725 DEFAULT CHARSET=utf8mb4 COLLATE=utf8mb4_unicode_ci;
/*!40101 SET character_set_client = @saved_cs_client */;

--
-- Dumping data for table `attendance`
--

LOCK TABLES `attendance` WRITE;
/*!40000 ALTER TABLE `attendance` DISABLE KEYS */;
INSERT INTO `attendance` VALUES (11,1,'2024-02-01 00:00:00','08:00:00','17:00:00'),(12,1,'2024-02-02 00:00:00','08:00:00','17:00:00'),(13,1,'2024-02-05 00:00:00','08:00:00','17:00:00'),(14,1,'2024-02-06 00:00:00','08:00:00','17:00:00'),(15,1,'2024-02-07 00:00:00','08:00:00','17:00:00'),(16,1,'2024-02-08 00:00:00','08:00:00','17:00:00'),(17,1,'2024-02-09 00:00:00','08:00:00','17:00:00'),(18,1,'2024-02-12 00:00:00','08:00:00','17:00:00'),(19,1,'2024-02-13 00:00:00','08:00:00','17:00:00'),(20,1,'2024-02-14 00:00:00','08:00:00','17:00:00'),(21,1,'2024-02-15 00:00:00','08:00:00','17:00:00'),(22,1,'2024-02-16 00:00:00','08:00:00','17:00:00'),(23,1,'2024-02-19 00:00:00','08:00:00','17:00:00'),(24,1,'2024-02-20 00:00:00','08:00:00','17:00:00'),(25,1,'2024-02-21 00:00:00','08:00:00','17:00:00'),(26,1,'2024-02-22 00:00:00','08:00:00','17:00:00'),(27,1,'2024-02-23 00:00:00','08:00:00','17:00:00'),(28,1,'2024-02-26 00:00:00','08:00:00','17:00:00'),(29,1,'2024-02-27 00:00:00','08:00:00','17:00:00'),(30,1,'2024-02-28 00:00:00','08:00:00','17:00:00'),(31,1,'2024-02-29 00:00:00','08:00:00','17:00:00'),(32,2,'2024-02-01 00:00:00','08:00:00','17:00:00'),(33,2,'2024-02-02 00:00:00','08:00:00','17:00:00'),(34,2,'2024-02-05 00:00:00','08:00:00','17:00:00'),(35,2,'2024-02-06 00:00:00','08:00:00','17:00:00'),(36,2,'2024-02-07 00:00:00','08:00:00','17:00:00'),(37,2,'2024-02-08 00:00:00','08:00:00','17:00:00'),(38,2,'2024-02-09 00:00:00','08:00:00','17:00:00'),(39,2,'2024-02-12 00:00:00','08:00:00','17:00:00'),(40,2,'2024-02-13 00:00:00','08:00:00','17:00:00'),(41,2,'2024-02-14 00:00:00','08:00:00','17:00:00'),(42,2,'2024-02-15 00:00:00','08:00:00','17:00:00'),(43,2,'2024-02-16 00:00:00','08:00:00','17:00:00'),(44,2,'2024-02-19 00:00:00','08:00:00','17:00:00'),(45,2,'2024-02-20 00:00:00','08:00:00','17:00:00'),(46,2,'2024-02-21 00:00:00','08:00:00','17:00:00'),(47,2,'2024-02-22 00:00:00','08:00:00','17:00:00'),(48,2,'2024-02-23 00:00:00','08:00:00','17:00:00'),(49,2,'2024-02-26 00:00:00','08:00:00','17:00:00'),(50,2,'2024-02-27 00:00:00','08:00:00','17:00:00'),(51,2,'2024-02-28 00:00:00','08:00:00','17:00:00'),(52,2,'2024-02-29 00:00:00','08:00:00','17:00:00'),(53,3,'2024-02-01 00:00:00','08:00:00','17:00:00'),(54,3,'2024-02-02 00:00:00','08:00:00','17:00:00'),(55,3,'2024-02-05 00:00:00','08:00:00','17:00:00'),(56,3,'2024-02-06 00:00:00','08:00:00','17:00:00'),(57,3,'2024-02-07 00:00:00','08:00:00','17:00:00'),(58,3,'2024-02-08 00:00:00','08:00:00','17:00:00'),(59,3,'2024-02-09 00:00:00','08:00:00','17:00:00'),(60,3,'2024-02-12 00:00:00','08:00:00','17:00:00'),(61,3,'2024-02-13 00:00:00','08:00:00','17:00:00'),(62,3,'2024-02-14 00:00:00','08:00:00','17:00:00'),(63,3,'2024-02-15 00:00:00','08:00:00','17:00:00'),(64,3,'2024-02-16 00:00:00','08:00:00','17:00:00'),(65,3,'2024-02-19 00:00:00','08:00:00','17:00:00'),(66,3,'2024-02-20 00:00:00','08:00:00','17:00:00'),(67,3,'2024-02-21 00:00:00','08:00:00','17:00:00'),(68,3,'2024-02-22 00:00:00','08:00:00','17:00:00'),(69,3,'2024-02-23 00:00:00','08:00:00','17:00:00'),(70,3,'2024-02-26 00:00:00','08:00:00','17:00:00'),(71,3,'2024-02-27 00:00:00','08:00:00','17:00:00'),(72,3,'2024-02-28 00:00:00','08:00:00','17:00:00'),(73,3,'2024-02-29 00:00:00','08:00:00','17:00:00'),(74,4,'2024-02-01 00:00:00','08:00:00','17:00:00'),(75,4,'2024-02-02 00:00:00','08:00:00','17:00:00'),(76,4,'2024-02-05 00:00:00','08:00:00','17:00:00'),(77,4,'2024-02-06 00:00:00','08:00:00','17:00:00'),(78,4,'2024-02-07 00:00:00','08:00:00','17:00:00'),(79,4,'2024-02-08 00:00:00','08:00:00','17:00:00'),(80,4,'2024-02-09 00:00:00','08:00:00','17:00:00'),(81,4,'2024-02-12 00:00:00','08:00:00','17:00:00'),(82,4,'2024-02-13 00:00:00','08:00:00','17:00:00'),(83,4,'2024-02-14 00:00:00','08:00:00','17:00:00'),(84,4,'2024-02-15 00:00:00','08:00:00','17:00:00'),(85,4,'2024-02-16 00:00:00','08:00:00','17:00:00'),(86,4,'2024-02-19 00:00:00','08:00:00','17:00:00'),(87,4,'2024-02-20 00:00:00','08:00:00','17:00:00'),(88,4,'2024-02-21 00:00:00','08:00:00','17:00:00'),(89,4,'2024-02-22 00:00:00','08:00:00','17:00:00'),(90,4,'2024-02-23 00:00:00','08:00:00','17:00:00'),(91,4,'2024-02-26 00:00:00','08:00:00','17:00:00'),(92,4,'2024-02-27 00:00:00','08:00:00','17:00:00'),(93,4,'2024-02-28 00:00:00','08:00:00','17:00:00'),(94,4,'2024-02-29 00:00:00','08:00:00','17:00:00'),(95,5,'2024-02-01 00:00:00','08:00:00','17:00:00'),(96,5,'2024-02-02 00:00:00','08:00:00','17:00:00'),(97,5,'2024-02-05 00:00:00','08:00:00','17:00:00'),(98,5,'2024-02-06 00:00:00','08:00:00','17:00:00'),(99,5,'2024-02-07 00:00:00','08:00:00','17:00:00'),(100,5,'2024-02-08 00:00:00','08:00:00','17:00:00'),(101,5,'2024-02-09 00:00:00','08:00:00','17:00:00'),(102,5,'2024-02-12 00:00:00','08:00:00','17:00:00'),(103,5,'2024-02-13 00:00:00','08:00:00','17:00:00'),(104,5,'2024-02-14 00:00:00','08:00:00','17:00:00'),(105,5,'2024-02-15 00:00:00','08:00:00','17:00:00'),(106,5,'2024-02-16 00:00:00','08:00:00','17:00:00'),(107,5,'2024-02-19 00:00:00','08:00:00','17:00:00'),(108,5,'2024-02-20 00:00:00','08:00:00','17:00:00'),(109,5,'2024-02-21 00:00:00','08:00:00','17:00:00'),(110,5,'2024-02-22 00:00:00','08:00:00','17:00:00'),(111,5,'2024-02-23 00:00:00','08:00:00','17:00:00'),(112,5,'2024-02-26 00:00:00','08:00:00','17:00:00'),(113,5,'2024-02-27 00:00:00','08:00:00','17:00:00'),(114,5,'2024-02-28 00:00:00','08:00:00','17:00:00'),(115,5,'2024-02-29 00:00:00','08:00:00','17:00:00'),(116,6,'2024-02-01 00:00:00','08:00:00','17:00:00'),(117,6,'2024-02-02 00:00:00','08:00:00','17:00:00'),(118,6,'2024-02-05 00:00:00','08:00:00','17:00:00'),(119,6,'2024-02-06 00:00:00','08:00:00','17:00:00'),(120,6,'2024-02-07 00:00:00','08:00:00','17:00:00'),(121,6,'2024-02-08 00:00:00','08:00:00','17:00:00'),(122,6,'2024-02-09 00:00:00','08:00:00','17:00:00'),(123,6,'2024-02-12 00:00:00','08:00:00','17:00:00'),(124,6,'2024-02-13 00:00:00','08:00:00','17:00:00'),(125,6,'2024-02-14 00:00:00','08:00:00','17:00:00'),(126,6,'2024-02-15 00:00:00','08:00:00','17:00:00'),(127,6,'2024-02-16 00:00:00','08:00:00','17:00:00'),(128,6,'2024-02-19 00:00:00','08:00:00','17:00:00'),(129,6,'2024-02-20 00:00:00','08:00:00','17:00:00'),(130,6,'2024-02-21 00:00:00','08:00:00','17:00:00'),(131,6,'2024-02-22 00:00:00','08:00:00','17:00:00'),(132,6,'2024-02-23 00:00:00','08:00:00','17:00:00'),(133,6,'2024-02-26 00:00:00','08:00:00','17:00:00'),(134,6,'2024-02-27 00:00:00','08:00:00','17:00:00'),(135,6,'2024-02-28 00:00:00','08:00:00','17:00:00'),(136,6,'2024-02-29 00:00:00','08:00:00','17:00:00'),(137,7,'2024-02-01 00:00:00','08:00:00','17:00:00'),(138,7,'2024-02-02 00:00:00','08:00:00','17:00:00'),(139,7,'2024-02-05 00:00:00','08:00:00','17:00:00'),(140,7,'2024-02-06 00:00:00','08:00:00','17:00:00'),(141,7,'2024-02-07 00:00:00','08:00:00','17:00:00'),(142,7,'2024-02-08 00:00:00','08:00:00','17:00:00'),(143,7,'2024-02-09 00:00:00','08:00:00','17:00:00'),(144,7,'2024-02-12 00:00:00','08:00:00','17:00:00'),(145,7,'2024-02-13 00:00:00','08:00:00','17:00:00'),(146,7,'2024-02-14 00:00:00','08:00:00','17:00:00'),(147,7,'2024-02-15 00:00:00','08:00:00','17:00:00'),(148,7,'2024-02-16 00:00:00','08:00:00','17:00:00'),(149,7,'2024-02-19 00:00:00','08:00:00','17:00:00'),(150,7,'2024-02-20 00:00:00','08:00:00','17:00:00'),(151,7,'2024-02-21 00:00:00','08:00:00','17:00:00'),(152,7,'2024-02-22 00:00:00','08:00:00','17:00:00'),(153,7,'2024-02-23 00:00:00','08:00:00','17:00:00'),(154,7,'2024-02-26 00:00:00','08:00:00','17:00:00'),(155,7,'2024-02-27 00:00:00','08:00:00','17:00:00'),(156,7,'2024-02-28 00:00:00','08:00:00','17:00:00'),(157,7,'2024-02-29 00:00:00','08:00:00','17:00:00'),(158,8,'2024-02-01 00:00:00','08:00:00','17:00:00'),(159,8,'2024-02-02 00:00:00','08:00:00','17:00:00'),(160,8,'2024-02-05 00:00:00','08:00:00','17:00:00'),(161,8,'2024-02-06 00:00:00','08:00:00','17:00:00'),(162,8,'2024-02-07 00:00:00','08:00:00','17:00:00'),(163,8,'2024-02-08 00:00:00','08:00:00','17:00:00'),(164,8,'2024-02-09 00:00:00','08:00:00','17:00:00'),(165,8,'2024-02-12 00:00:00','08:00:00','17:00:00'),(166,8,'2024-02-13 00:00:00','08:00:00','17:00:00'),(167,8,'2024-02-14 00:00:00','08:00:00','17:00:00'),(168,8,'2024-02-15 00:00:00','08:00:00','17:00:00'),(169,8,'2024-02-16 00:00:00','08:00:00','17:00:00'),(170,8,'2024-02-19 00:00:00','08:00:00','17:00:00'),(171,8,'2024-02-20 00:00:00','08:00:00','17:00:00'),(172,8,'2024-02-21 00:00:00','08:00:00','17:00:00'),(173,8,'2024-02-22 00:00:00','08:00:00','17:00:00'),(174,8,'2024-02-23 00:00:00','08:00:00','17:00:00'),(175,8,'2024-02-26 00:00:00','08:00:00','17:00:00'),(176,8,'2024-02-27 00:00:00','08:00:00','17:00:00'),(177,8,'2024-02-28 00:00:00','08:00:00','17:00:00'),(178,8,'2024-02-29 00:00:00','08:00:00','17:00:00'),(179,9,'2024-02-01 00:00:00','08:00:00','17:00:00'),(180,9,'2024-02-02 00:00:00','08:00:00','17:00:00'),(181,9,'2024-02-05 00:00:00','08:00:00','17:00:00'),(182,9,'2024-02-06 00:00:00','08:00:00','17:00:00'),(183,9,'2024-02-07 00:00:00','08:00:00','17:00:00'),(184,9,'2024-02-08 00:00:00','08:00:00','17:00:00'),(185,9,'2024-02-09 00:00:00','08:00:00','17:00:00'),(186,9,'2024-02-12 00:00:00','08:00:00','17:00:00'),(187,9,'2024-02-13 00:00:00','08:00:00','17:00:00'),(188,9,'2024-02-14 00:00:00','08:00:00','17:00:00'),(189,9,'2024-02-15 00:00:00','08:00:00','17:00:00'),(190,9,'2024-02-16 00:00:00','08:00:00','17:00:00'),(191,9,'2024-02-19 00:00:00','08:00:00','17:00:00'),(192,9,'2024-02-20 00:00:00','08:00:00','17:00:00'),(193,9,'2024-02-21 00:00:00','08:00:00','17:00:00'),(194,9,'2024-02-22 00:00:00','08:00:00','17:00:00'),(195,9,'2024-02-23 00:00:00','08:00:00','17:00:00'),(196,9,'2024-02-26 00:00:00','08:00:00','17:00:00'),(197,9,'2024-02-27 00:00:00','08:00:00','17:00:00'),(198,9,'2024-02-28 00:00:00','08:00:00','17:00:00'),(199,9,'2024-02-29 00:00:00','08:00:00','17:00:00'),(200,10,'2024-02-01 00:00:00','08:00:00','17:00:00'),(201,10,'2024-02-02 00:00:00','08:00:00','17:00:00'),(202,10,'2024-02-05 00:00:00','08:00:00','17:00:00'),(203,10,'2024-02-06 00:00:00','08:00:00','17:00:00'),(204,10,'2024-02-07 00:00:00','08:00:00','17:00:00'),(205,10,'2024-02-08 00:00:00','08:00:00','17:00:00'),(206,10,'2024-02-09 00:00:00','08:00:00','17:00:00'),(207,10,'2024-02-12 00:00:00','08:00:00','17:00:00'),(208,10,'2024-02-13 00:00:00','08:00:00','17:00:00'),(209,10,'2024-02-14 00:00:00','08:00:00','17:00:00'),(210,10,'2024-02-15 00:00:00','08:00:00','17:00:00'),(211,10,'2024-02-16 00:00:00','08:00:00','17:00:00'),(212,10,'2024-02-19 00:00:00','08:00:00','17:00:00'),(213,10,'2024-02-20 00:00:00','08:00:00','17:00:00'),(214,10,'2024-02-21 00:00:00','08:00:00','17:00:00'),(215,10,'2024-02-22 00:00:00','08:00:00','17:00:00'),(216,10,'2024-02-23 00:00:00','08:00:00','17:00:00'),(217,10,'2024-02-26 00:00:00','08:00:00','17:00:00'),(218,10,'2024-02-27 00:00:00','08:00:00','17:00:00'),(219,10,'2024-02-28 00:00:00','08:00:00','17:00:00'),(220,10,'2024-02-29 00:00:00','08:00:00','17:00:00'),(221,11,'2024-02-01 00:00:00','08:00:00','17:00:00'),(222,11,'2024-02-02 00:00:00','08:00:00','17:00:00'),(223,11,'2024-02-05 00:00:00','08:00:00','17:00:00'),(224,11,'2024-02-06 00:00:00','08:00:00','17:00:00'),(225,11,'2024-02-07 00:00:00','08:00:00','17:00:00'),(226,11,'2024-02-08 00:00:00','08:00:00','17:00:00'),(227,11,'2024-02-09 00:00:00','08:00:00','17:00:00'),(228,11,'2024-02-12 00:00:00','08:00:00','17:00:00'),(229,11,'2024-02-13 00:00:00','08:00:00','17:00:00'),(230,11,'2024-02-14 00:00:00','08:00:00','17:00:00'),(231,11,'2024-02-15 00:00:00','08:00:00','17:00:00'),(232,11,'2024-02-16 00:00:00','08:00:00','17:00:00'),(233,11,'2024-02-19 00:00:00','08:00:00','17:00:00'),(234,11,'2024-02-20 00:00:00','08:00:00','17:00:00'),(235,11,'2024-02-21 00:00:00','08:00:00','17:00:00'),(236,11,'2024-02-22 00:00:00','08:00:00','17:00:00'),(237,11,'2024-02-23 00:00:00','08:00:00','17:00:00'),(238,11,'2024-02-26 00:00:00','08:00:00','17:00:00'),(239,11,'2024-02-27 00:00:00','08:00:00','17:00:00'),(240,11,'2024-02-28 00:00:00','08:00:00','17:00:00'),(241,11,'2024-02-29 00:00:00','08:00:00','17:00:00'),(242,12,'2024-02-01 00:00:00','08:00:00','17:00:00'),(243,12,'2024-02-02 00:00:00','08:00:00','17:00:00'),(244,12,'2024-02-05 00:00:00','08:00:00','17:00:00'),(245,12,'2024-02-06 00:00:00','08:00:00','17:00:00'),(246,12,'2024-02-07 00:00:00','08:00:00','17:00:00'),(247,12,'2024-02-08 00:00:00','08:00:00','17:00:00'),(248,12,'2024-02-09 00:00:00','08:00:00','17:00:00'),(249,12,'2024-02-12 00:00:00','08:00:00','17:00:00'),(250,12,'2024-02-13 00:00:00','08:00:00','17:00:00'),(251,12,'2024-02-14 00:00:00','08:00:00','17:00:00'),(252,12,'2024-02-15 00:00:00','08:00:00','17:00:00'),(253,12,'2024-02-16 00:00:00','08:00:00','17:00:00'),(254,12,'2024-02-19 00:00:00','08:00:00','17:00:00'),(255,12,'2024-02-20 00:00:00','08:00:00','17:00:00'),(256,12,'2024-02-21 00:00:00','08:00:00','17:00:00'),(257,12,'2024-02-22 00:00:00','08:00:00','17:00:00'),(258,12,'2024-02-23 00:00:00','08:00:00','17:00:00'),(259,12,'2024-02-26 00:00:00','08:00:00','17:00:00'),(260,12,'2024-02-27 00:00:00','08:00:00','17:00:00'),(261,12,'2024-02-28 00:00:00','08:00:00','17:00:00'),(262,12,'2024-02-29 00:00:00','08:00:00','17:00:00'),(263,13,'2024-02-01 00:00:00','08:00:00','17:00:00'),(264,13,'2024-02-02 00:00:00','08:00:00','17:00:00'),(265,13,'2024-02-05 00:00:00','08:00:00','17:00:00'),(266,13,'2024-02-06 00:00:00','08:00:00','17:00:00'),(267,13,'2024-02-07 00:00:00','08:00:00','17:00:00'),(268,13,'2024-02-08 00:00:00','08:00:00','17:00:00'),(269,13,'2024-02-09 00:00:00','08:00:00','17:00:00'),(270,13,'2024-02-12 00:00:00','08:00:00','17:00:00'),(271,13,'2024-02-13 00:00:00','08:00:00','17:00:00'),(272,13,'2024-02-14 00:00:00','08:00:00','17:00:00'),(273,13,'2024-02-15 00:00:00','08:00:00','17:00:00'),(274,13,'2024-02-16 00:00:00','08:00:00','17:00:00'),(275,13,'2024-02-19 00:00:00','08:00:00','17:00:00'),(276,13,'2024-02-20 00:00:00','08:00:00','17:00:00'),(277,13,'2024-02-21 00:00:00','08:00:00','17:00:00'),(278,13,'2024-02-22 00:00:00','08:00:00','17:00:00'),(279,13,'2024-02-23 00:00:00','08:00:00','17:00:00'),(280,13,'2024-02-26 00:00:00','08:00:00','17:00:00'),(281,13,'2024-02-27 00:00:00','08:00:00','17:00:00'),(282,13,'2024-02-28 00:00:00','08:00:00','17:00:00'),(283,13,'2024-02-29 00:00:00','08:00:00','17:00:00'),(284,14,'2024-02-01 00:00:00','08:00:00','17:00:00'),(285,14,'2024-02-02 00:00:00','08:00:00','17:00:00'),(286,14,'2024-02-05 00:00:00','08:00:00','17:00:00'),(287,14,'2024-02-06 00:00:00','08:00:00','17:00:00'),(288,14,'2024-02-07 00:00:00','08:00:00','17:00:00'),(289,14,'2024-02-08 00:00:00','08:00:00','17:00:00'),(290,14,'2024-02-09 00:00:00','08:00:00','17:00:00'),(291,14,'2024-02-12 00:00:00','08:00:00','17:00:00'),(292,14,'2024-02-13 00:00:00','08:00:00','17:00:00'),(293,14,'2024-02-14 00:00:00','08:00:00','17:00:00'),(294,14,'2024-02-15 00:00:00','08:00:00','17:00:00'),(295,14,'2024-02-16 00:00:00','08:00:00','17:00:00'),(296,14,'2024-02-19 00:00:00','08:00:00','17:00:00'),(297,14,'2024-02-20 00:00:00','08:00:00','17:00:00'),(298,14,'2024-02-21 00:00:00','08:00:00','17:00:00'),(299,14,'2024-02-22 00:00:00','08:00:00','17:00:00'),(300,14,'2024-02-23 00:00:00','08:00:00','17:00:00'),(301,14,'2024-02-26 00:00:00','08:00:00','17:00:00'),(302,14,'2024-02-27 00:00:00','08:00:00','17:00:00'),(303,14,'2024-02-28 00:00:00','08:00:00','17:00:00'),(304,14,'2024-02-29 00:00:00','08:00:00','17:00:00'),(305,15,'2024-02-01 00:00:00','08:00:00','17:00:00'),(306,15,'2024-02-02 00:00:00','08:00:00','17:00:00'),(307,15,'2024-02-05 00:00:00','08:00:00','17:00:00'),(308,15,'2024-02-06 00:00:00','08:00:00','17:00:00'),(309,15,'2024-02-07 00:00:00','08:00:00','17:00:00'),(310,15,'2024-02-08 00:00:00','08:00:00','17:00:00'),(311,15,'2024-02-09 00:00:00','08:00:00','17:00:00'),(312,15,'2024-02-12 00:00:00','08:00:00','17:00:00'),(313,15,'2024-02-13 00:00:00','08:00:00','17:00:00'),(314,15,'2024-02-14 00:00:00','08:00:00','17:00:00'),(315,15,'2024-02-15 00:00:00','08:00:00','17:00:00'),(316,15,'2024-02-16 00:00:00','08:00:00','17:00:00'),(317,15,'2024-02-19 00:00:00','08:00:00','17:00:00'),(318,15,'2024-02-20 00:00:00','08:00:00','17:00:00'),(319,15,'2024-02-21 00:00:00','08:00:00','17:00:00'),(320,15,'2024-02-22 00:00:00','08:00:00','17:00:00'),(321,15,'2024-02-23 00:00:00','08:00:00','17:00:00'),(322,15,'2024-02-26 00:00:00','08:00:00','17:00:00'),(323,15,'2024-02-27 00:00:00','08:00:00','17:00:00'),(324,15,'2024-02-28 00:00:00','08:00:00','17:00:00'),(325,15,'2024-02-29 00:00:00','08:00:00','17:00:00'),(326,16,'2024-02-01 00:00:00','08:00:00','17:00:00'),(327,16,'2024-02-02 00:00:00','08:00:00','17:00:00'),(328,16,'2024-02-05 00:00:00','08:00:00','17:00:00'),(329,16,'2024-02-06 00:00:00','08:00:00','17:00:00'),(330,16,'2024-02-07 00:00:00','08:00:00','17:00:00'),(331,16,'2024-02-08 00:00:00','08:00:00','17:00:00'),(332,16,'2024-02-09 00:00:00','08:00:00','17:00:00'),(333,16,'2024-02-12 00:00:00','08:00:00','17:00:00'),(334,16,'2024-02-13 00:00:00','08:00:00','17:00:00'),(335,16,'2024-02-14 00:00:00','08:00:00','17:00:00'),(336,16,'2024-02-15 00:00:00','08:00:00','17:00:00'),(337,16,'2024-02-16 00:00:00','08:00:00','17:00:00'),(338,16,'2024-02-19 00:00:00','08:00:00','17:00:00'),(339,16,'2024-02-20 00:00:00','08:00:00','17:00:00'),(340,16,'2024-02-21 00:00:00','08:00:00','17:00:00'),(341,16,'2024-02-22 00:00:00','08:00:00','17:00:00'),(342,16,'2024-02-23 00:00:00','08:00:00','17:00:00'),(343,16,'2024-02-26 00:00:00','08:00:00','17:00:00'),(344,16,'2024-02-27 00:00:00','08:00:00','17:00:00'),(345,16,'2024-02-28 00:00:00','08:00:00','17:00:00'),(346,16,'2024-02-29 00:00:00','08:00:00','17:00:00'),(347,17,'2024-02-01 00:00:00','08:00:00','17:00:00'),(348,17,'2024-02-02 00:00:00','08:00:00','17:00:00'),(349,17,'2024-02-05 00:00:00','08:00:00','17:00:00'),(350,17,'2024-02-06 00:00:00','08:00:00','17:00:00'),(351,17,'2024-02-07 00:00:00','08:00:00','17:00:00'),(352,17,'2024-02-08 00:00:00','08:00:00','17:00:00'),(353,17,'2024-02-09 00:00:00','08:00:00','17:00:00'),(354,17,'2024-02-12 00:00:00','08:00:00','17:00:00'),(355,17,'2024-02-13 00:00:00','08:00:00','17:00:00'),(356,17,'2024-02-14 00:00:00','08:00:00','17:00:00'),(357,17,'2024-02-15 00:00:00','08:00:00','17:00:00'),(358,17,'2024-02-16 00:00:00','08:00:00','17:00:00'),(359,17,'2024-02-19 00:00:00','08:00:00','17:00:00'),(360,17,'2024-02-20 00:00:00','08:00:00','17:00:00'),(361,17,'2024-02-21 00:00:00','08:00:00','17:00:00'),(362,17,'2024-02-22 00:00:00','08:00:00','17:00:00'),(363,17,'2024-02-23 00:00:00','08:00:00','17:00:00'),(364,17,'2024-02-26 00:00:00','08:00:00','17:00:00'),(365,17,'2024-02-27 00:00:00','08:00:00','17:00:00'),(366,17,'2024-02-28 00:00:00','08:00:00','17:00:00'),(367,17,'2024-02-29 00:00:00','08:00:00','17:00:00'),(368,18,'2024-02-01 00:00:00','08:00:00','17:00:00'),(369,18,'2024-02-02 00:00:00','08:00:00','17:00:00'),(370,18,'2024-02-05 00:00:00','08:00:00','17:00:00'),(371,18,'2024-02-06 00:00:00','08:00:00','17:00:00'),(372,18,'2024-02-07 00:00:00','08:00:00','17:00:00'),(373,18,'2024-02-08 00:00:00','08:00:00','17:00:00'),(374,18,'2024-02-09 00:00:00','08:00:00','17:00:00'),(375,18,'2024-02-12 00:00:00','08:00:00','17:00:00'),(376,18,'2024-02-13 00:00:00','08:00:00','17:00:00'),(377,18,'2024-02-14 00:00:00','08:00:00','17:00:00'),(378,18,'2024-02-15 00:00:00','08:00:00','17:00:00'),(379,18,'2024-02-16 00:00:00','08:00:00','17:00:00'),(380,18,'2024-02-19 00:00:00','08:00:00','17:00:00'),(381,18,'2024-02-20 00:00:00','08:00:00','17:00:00'),(382,18,'2024-02-21 00:00:00','08:00:00','17:00:00'),(383,18,'2024-02-22 00:00:00','08:00:00','17:00:00'),(384,18,'2024-02-23 00:00:00','08:00:00','17:00:00'),(385,18,'2024-02-26 00:00:00','08:00:00','17:00:00'),(386,18,'2024-02-27 00:00:00','08:00:00','17:00:00'),(387,18,'2024-02-28 00:00:00','08:00:00','17:00:00'),(388,18,'2024-02-29 00:00:00','08:00:00','17:00:00'),(389,19,'2024-02-01 00:00:00','08:00:00','17:00:00'),(390,19,'2024-02-02 00:00:00','08:00:00','17:00:00'),(391,19,'2024-02-05 00:00:00','08:00:00','17:00:00'),(392,19,'2024-02-06 00:00:00','08:00:00','17:00:00'),(393,19,'2024-02-07 00:00:00','08:00:00','17:00:00'),(394,19,'2024-02-08 00:00:00','08:00:00','17:00:00'),(395,19,'2024-02-09 00:00:00','08:00:00','17:00:00'),(396,19,'2024-02-12 00:00:00','08:00:00','17:00:00'),(397,19,'2024-02-13 00:00:00','08:00:00','17:00:00'),(398,19,'2024-02-14 00:00:00','08:00:00','17:00:00'),(399,19,'2024-02-15 00:00:00','08:00:00','17:00:00'),(400,19,'2024-02-16 00:00:00','08:00:00','17:00:00'),(401,19,'2024-02-19 00:00:00','08:00:00','17:00:00'),(402,19,'2024-02-20 00:00:00','08:00:00','17:00:00'),(403,19,'2024-02-21 00:00:00','08:00:00','17:00:00'),(404,19,'2024-02-22 00:00:00','08:00:00','17:00:00'),(405,19,'2024-02-23 00:00:00','08:00:00','17:00:00'),(406,19,'2024-02-26 00:00:00','08:00:00','17:00:00'),(407,19,'2024-02-27 00:00:00','08:00:00','17:00:00'),(408,19,'2024-02-28 00:00:00','08:00:00','17:00:00'),(409,19,'2024-02-29 00:00:00','08:00:00','17:00:00'),(410,20,'2024-02-01 00:00:00','08:00:00','17:00:00'),(411,20,'2024-02-02 00:00:00','08:00:00','17:00:00'),(412,20,'2024-02-05 00:00:00','08:00:00','17:00:00'),(413,20,'2024-02-06 00:00:00','08:00:00','17:00:00'),(414,20,'2024-02-07 00:00:00','08:00:00','17:00:00'),(415,20,'2024-02-08 00:00:00','08:00:00','17:00:00'),(416,20,'2024-02-09 00:00:00','08:00:00','17:00:00'),(417,20,'2024-02-12 00:00:00','08:00:00','17:00:00'),(418,20,'2024-02-13 00:00:00','08:00:00','17:00:00'),(419,20,'2024-02-14 00:00:00','08:00:00','17:00:00'),(420,20,'2024-02-15 00:00:00','08:00:00','17:00:00'),(421,20,'2024-02-16 00:00:00','08:00:00','17:00:00'),(422,20,'2024-02-19 00:00:00','08:00:00','17:00:00'),(423,20,'2024-02-20 00:00:00','08:00:00','17:00:00'),(424,20,'2024-02-21 00:00:00','08:00:00','17:00:00'),(425,20,'2024-02-22 00:00:00','08:00:00','17:00:00'),(426,20,'2024-02-23 00:00:00','08:00:00','17:00:00'),(427,20,'2024-02-26 00:00:00','08:00:00','17:00:00'),(428,20,'2024-02-27 00:00:00','08:00:00','17:00:00'),(429,20,'2024-02-28 00:00:00','08:00:00','17:00:00'),(430,20,'2024-02-29 00:00:00','08:00:00','17:00:00'),(431,21,'2024-02-01 00:00:00','08:00:00','17:00:00'),(432,21,'2024-02-02 00:00:00','08:00:00','17:00:00'),(433,21,'2024-02-05 00:00:00','08:00:00','17:00:00'),(434,21,'2024-02-06 00:00:00','08:00:00','17:00:00'),(435,21,'2024-02-07 00:00:00','08:00:00','17:00:00'),(436,21,'2024-02-08 00:00:00','08:00:00','17:00:00'),(437,21,'2024-02-09 00:00:00','08:00:00','17:00:00'),(438,21,'2024-02-12 00:00:00','08:00:00','17:00:00'),(439,21,'2024-02-13 00:00:00','08:00:00','17:00:00'),(440,21,'2024-02-14 00:00:00','08:00:00','17:00:00'),(441,21,'2024-02-15 00:00:00','08:00:00','17:00:00'),(442,21,'2024-02-16 00:00:00','08:00:00','17:00:00'),(443,21,'2024-02-19 00:00:00','08:00:00','17:00:00'),(444,21,'2024-02-20 00:00:00','08:00:00','17:00:00'),(445,21,'2024-02-21 00:00:00','08:00:00','17:00:00'),(446,21,'2024-02-22 00:00:00','08:00:00','17:00:00'),(447,21,'2024-02-23 00:00:00','08:00:00','17:00:00'),(448,21,'2024-02-26 00:00:00','08:00:00','17:00:00'),(449,21,'2024-02-27 00:00:00','08:00:00','17:00:00'),(450,21,'2024-02-28 00:00:00','08:00:00','17:00:00'),(451,21,'2024-02-29 00:00:00','08:00:00','17:00:00'),(452,22,'2024-02-01 00:00:00','08:00:00','17:00:00'),(453,22,'2024-02-02 00:00:00','08:00:00','17:00:00'),(454,22,'2024-02-05 00:00:00','08:00:00','17:00:00'),(455,22,'2024-02-06 00:00:00','08:00:00','17:00:00'),(456,22,'2024-02-07 00:00:00','08:00:00','17:00:00'),(457,22,'2024-02-08 00:00:00','08:00:00','17:00:00'),(458,22,'2024-02-09 00:00:00','08:00:00','17:00:00'),(459,22,'2024-02-12 00:00:00','08:00:00','17:00:00'),(460,22,'2024-02-13 00:00:00','08:00:00','17:00:00'),(461,22,'2024-02-14 00:00:00','08:00:00','17:00:00'),(462,22,'2024-02-15 00:00:00','08:00:00','17:00:00'),(463,22,'2024-02-16 00:00:00','08:00:00','17:00:00'),(464,22,'2024-02-19 00:00:00','08:00:00','17:00:00'),(465,22,'2024-02-20 00:00:00','08:00:00','17:00:00'),(466,22,'2024-02-21 00:00:00','08:00:00','17:00:00'),(467,22,'2024-02-22 00:00:00','08:00:00','17:00:00'),(468,22,'2024-02-23 00:00:00','08:00:00','17:00:00'),(469,22,'2024-02-26 00:00:00','08:00:00','17:00:00'),(470,22,'2024-02-27 00:00:00','08:00:00','17:00:00'),(471,22,'2024-02-28 00:00:00','08:00:00','17:00:00'),(472,22,'2024-02-29 00:00:00','08:00:00','17:00:00'),(473,23,'2024-02-01 00:00:00','08:00:00','17:00:00'),(474,23,'2024-02-02 00:00:00','08:00:00','17:00:00'),(475,23,'2024-02-05 00:00:00','08:00:00','17:00:00'),(476,23,'2024-02-06 00:00:00','08:00:00','17:00:00'),(477,23,'2024-02-07 00:00:00','08:00:00','17:00:00'),(478,23,'2024-02-08 00:00:00','08:00:00','17:00:00'),(479,23,'2024-02-09 00:00:00','08:00:00','17:00:00'),(480,23,'2024-02-12 00:00:00','08:00:00','17:00:00'),(481,23,'2024-02-13 00:00:00','08:00:00','17:00:00'),(482,23,'2024-02-14 00:00:00','08:00:00','17:00:00'),(483,23,'2024-02-15 00:00:00','08:00:00','17:00:00'),(484,23,'2024-02-16 00:00:00','08:00:00','17:00:00'),(485,23,'2024-02-19 00:00:00','08:00:00','17:00:00'),(486,23,'2024-02-20 00:00:00','08:00:00','17:00:00'),(487,23,'2024-02-21 00:00:00','08:00:00','17:00:00'),(488,23,'2024-02-22 00:00:00','08:00:00','17:00:00'),(489,23,'2024-02-23 00:00:00','08:00:00','17:00:00'),(490,23,'2024-02-26 00:00:00','08:00:00','17:00:00'),(491,23,'2024-02-27 00:00:00','08:00:00','17:00:00'),(492,23,'2024-02-28 00:00:00','08:00:00','17:00:00'),(493,23,'2024-02-29 00:00:00','08:00:00','17:00:00'),(494,24,'2024-02-01 00:00:00','08:00:00','17:00:00'),(495,24,'2024-02-02 00:00:00','08:00:00','17:00:00'),(496,24,'2024-02-05 00:00:00','08:00:00','17:00:00'),(497,24,'2024-02-06 00:00:00','08:00:00','17:00:00'),(498,24,'2024-02-07 00:00:00','08:00:00','17:00:00'),(499,24,'2024-02-08 00:00:00','08:00:00','17:00:00'),(500,24,'2024-02-09 00:00:00','08:00:00','17:00:00'),(501,24,'2024-02-12 00:00:00','08:00:00','17:00:00'),(502,24,'2024-02-13 00:00:00','08:00:00','17:00:00'),(503,24,'2024-02-14 00:00:00','08:00:00','17:00:00'),(504,24,'2024-02-15 00:00:00','08:00:00','17:00:00'),(505,24,'2024-02-16 00:00:00','08:00:00','17:00:00'),(506,24,'2024-02-19 00:00:00','08:00:00','17:00:00'),(507,24,'2024-02-20 00:00:00','08:00:00','17:00:00'),(508,24,'2024-02-21 00:00:00','08:00:00','17:00:00'),(509,24,'2024-02-22 00:00:00','08:00:00','17:00:00'),(510,24,'2024-02-23 00:00:00','08:00:00','17:00:00'),(511,24,'2024-02-26 00:00:00','08:00:00','17:00:00'),(512,24,'2024-02-27 00:00:00','08:00:00','17:00:00'),(513,24,'2024-02-28 00:00:00','08:00:00','17:00:00'),(514,24,'2024-02-29 00:00:00','08:00:00','17:00:00'),(515,25,'2024-02-01 00:00:00','08:00:00','17:00:00'),(516,25,'2024-02-02 00:00:00','08:00:00','17:00:00'),(517,25,'2024-02-05 00:00:00','08:00:00','17:00:00'),(518,25,'2024-02-06 00:00:00','08:00:00','17:00:00'),(519,25,'2024-02-07 00:00:00','08:00:00','17:00:00'),(520,25,'2024-02-08 00:00:00','08:00:00','17:00:00'),(521,25,'2024-02-09 00:00:00','08:00:00','17:00:00'),(522,25,'2024-02-12 00:00:00','08:00:00','17:00:00'),(523,25,'2024-02-13 00:00:00','08:00:00','17:00:00'),(524,25,'2024-02-14 00:00:00','08:00:00','17:00:00'),(525,25,'2024-02-15 00:00:00','08:00:00','17:00:00'),(526,25,'2024-02-16 00:00:00','08:00:00','17:00:00'),(527,25,'2024-02-19 00:00:00','08:00:00','17:00:00'),(528,25,'2024-02-20 00:00:00','08:00:00','17:00:00'),(529,25,'2024-02-21 00:00:00','08:00:00','17:00:00'),(530,25,'2024-02-22 00:00:00','08:00:00','17:00:00'),(531,25,'2024-02-23 00:00:00','08:00:00','17:00:00'),(532,25,'2024-02-26 00:00:00','08:00:00','17:00:00'),(533,25,'2024-02-27 00:00:00','08:00:00','17:00:00'),(534,25,'2024-02-28 00:00:00','08:00:00','17:00:00'),(535,25,'2024-02-29 00:00:00','08:00:00','17:00:00'),(536,26,'2024-02-01 00:00:00','08:00:00','17:00:00'),(537,26,'2024-02-02 00:00:00','08:00:00','17:00:00'),(538,26,'2024-02-05 00:00:00','08:00:00','17:00:00'),(539,26,'2024-02-06 00:00:00','08:00:00','17:00:00'),(540,26,'2024-02-07 00:00:00','08:00:00','17:00:00'),(541,26,'2024-02-08 00:00:00','08:00:00','17:00:00'),(542,26,'2024-02-09 00:00:00','08:00:00','17:00:00'),(543,26,'2024-02-12 00:00:00','08:00:00','17:00:00'),(544,26,'2024-02-13 00:00:00','08:00:00','17:00:00'),(545,26,'2024-02-14 00:00:00','08:00:00','17:00:00'),(546,26,'2024-02-15 00:00:00','08:00:00','17:00:00'),(547,26,'2024-02-16 00:00:00','08:00:00','17:00:00'),(548,26,'2024-02-19 00:00:00','08:00:00','17:00:00'),(549,26,'2024-02-20 00:00:00','08:00:00','17:00:00'),(550,26,'2024-02-21 00:00:00','08:00:00','17:00:00'),(551,26,'2024-02-22 00:00:00','08:00:00','17:00:00'),(552,26,'2024-02-23 00:00:00','08:00:00','17:00:00'),(553,26,'2024-02-26 00:00:00','08:00:00','17:00:00'),(554,26,'2024-02-27 00:00:00','08:00:00','17:00:00'),(555,26,'2024-02-28 00:00:00','08:00:00','17:00:00'),(556,26,'2024-02-29 00:00:00','08:00:00','17:00:00'),(557,27,'2024-02-01 00:00:00','08:00:00','17:00:00'),(558,27,'2024-02-02 00:00:00','08:00:00','17:00:00'),(559,27,'2024-02-05 00:00:00','08:00:00','17:00:00'),(560,27,'2024-02-06 00:00:00','08:00:00','17:00:00'),(561,27,'2024-02-07 00:00:00','08:00:00','17:00:00'),(562,27,'2024-02-08 00:00:00','08:00:00','17:00:00'),(563,27,'2024-02-09 00:00:00','08:00:00','17:00:00'),(564,27,'2024-02-12 00:00:00','08:00:00','17:00:00'),(565,27,'2024-02-13 00:00:00','08:00:00','17:00:00'),(566,27,'2024-02-14 00:00:00','08:00:00','17:00:00'),(567,27,'2024-02-15 00:00:00','08:00:00','17:00:00'),(568,27,'2024-02-16 00:00:00','08:00:00','17:00:00'),(569,27,'2024-02-19 00:00:00','08:00:00','17:00:00'),(570,27,'2024-02-20 00:00:00','08:00:00','17:00:00'),(571,27,'2024-02-21 00:00:00','08:00:00','17:00:00'),(572,27,'2024-02-22 00:00:00','08:00:00','17:00:00'),(573,27,'2024-02-23 00:00:00','08:00:00','17:00:00'),(574,27,'2024-02-26 00:00:00','08:00:00','17:00:00'),(575,27,'2024-02-27 00:00:00','08:00:00','17:00:00'),(576,27,'2024-02-28 00:00:00','08:00:00','17:00:00'),(577,27,'2024-02-29 00:00:00','08:00:00','17:00:00'),(578,28,'2024-02-01 00:00:00','08:00:00','17:00:00'),(579,28,'2024-02-02 00:00:00','08:00:00','17:00:00'),(580,28,'2024-02-05 00:00:00','08:00:00','17:00:00'),(581,28,'2024-02-06 00:00:00','08:00:00','17:00:00'),(582,28,'2024-02-07 00:00:00','08:00:00','17:00:00'),(583,28,'2024-02-08 00:00:00','08:00:00','17:00:00'),(584,28,'2024-02-09 00:00:00','08:00:00','17:00:00'),(585,28,'2024-02-12 00:00:00','08:00:00','17:00:00'),(586,28,'2024-02-13 00:00:00','08:00:00','17:00:00'),(587,28,'2024-02-14 00:00:00','08:00:00','17:00:00'),(588,28,'2024-02-15 00:00:00','08:00:00','17:00:00'),(589,28,'2024-02-16 00:00:00','08:00:00','17:00:00'),(590,28,'2024-02-19 00:00:00','08:00:00','17:00:00'),(591,28,'2024-02-20 00:00:00','08:00:00','17:00:00'),(592,28,'2024-02-21 00:00:00','08:00:00','17:00:00'),(593,28,'2024-02-22 00:00:00','08:00:00','17:00:00'),(594,28,'2024-02-23 00:00:00','08:00:00','17:00:00'),(595,28,'2024-02-26 00:00:00','08:00:00','17:00:00'),(596,28,'2024-02-27 00:00:00','08:00:00','17:00:00'),(597,28,'2024-02-28 00:00:00','08:00:00','17:00:00'),(598,28,'2024-02-29 00:00:00','08:00:00','17:00:00'),(599,29,'2024-02-01 00:00:00','08:00:00','17:00:00'),(600,29,'2024-02-02 00:00:00','08:00:00','17:00:00'),(601,29,'2024-02-05 00:00:00','08:00:00','17:00:00'),(602,29,'2024-02-06 00:00:00','08:00:00','17:00:00'),(603,29,'2024-02-07 00:00:00','08:00:00','17:00:00'),(604,29,'2024-02-08 00:00:00','08:00:00','17:00:00'),(605,29,'2024-02-09 00:00:00','08:00:00','17:00:00'),(606,29,'2024-02-12 00:00:00','08:00:00','17:00:00'),(607,29,'2024-02-13 00:00:00','08:00:00','17:00:00'),(608,29,'2024-02-14 00:00:00','08:00:00','17:00:00'),(609,29,'2024-02-15 00:00:00','08:00:00','17:00:00'),(610,29,'2024-02-16 00:00:00','08:00:00','17:00:00'),(611,29,'2024-02-19 00:00:00','08:00:00','17:00:00'),(612,29,'2024-02-20 00:00:00','08:00:00','17:00:00'),(613,29,'2024-02-21 00:00:00','08:00:00','17:00:00'),(614,29,'2024-02-22 00:00:00','08:00:00','17:00:00'),(615,29,'2024-02-23 00:00:00','08:00:00','17:00:00'),(616,29,'2024-02-26 00:00:00','08:00:00','17:00:00'),(617,29,'2024-02-27 00:00:00','08:00:00','17:00:00'),(618,29,'2024-02-28 00:00:00','08:00:00','17:00:00'),(619,29,'2024-02-29 00:00:00','08:00:00','17:00:00'),(620,30,'2024-02-01 00:00:00','08:00:00','17:00:00'),(621,30,'2024-02-02 00:00:00','08:00:00','17:00:00'),(622,30,'2024-02-05 00:00:00','08:00:00','17:00:00'),(623,30,'2024-02-06 00:00:00','08:00:00','17:00:00'),(624,30,'2024-02-07 00:00:00','08:00:00','17:00:00'),(625,30,'2024-02-08 00:00:00','08:00:00','17:00:00'),(626,30,'2024-02-09 00:00:00','08:00:00','17:00:00'),(627,30,'2024-02-12 00:00:00','08:00:00','17:00:00'),(628,30,'2024-02-13 00:00:00','08:00:00','17:00:00'),(629,30,'2024-02-14 00:00:00','08:00:00','17:00:00'),(630,30,'2024-02-15 00:00:00','08:00:00','17:00:00'),(631,30,'2024-02-16 00:00:00','08:00:00','17:00:00'),(632,30,'2024-02-19 00:00:00','08:00:00','17:00:00'),(633,30,'2024-02-20 00:00:00','08:00:00','17:00:00'),(634,30,'2024-02-21 00:00:00','08:00:00','17:00:00'),(635,30,'2024-02-22 00:00:00','08:00:00','17:00:00'),(636,30,'2024-02-23 00:00:00','08:00:00','17:00:00'),(637,30,'2024-02-26 00:00:00','08:00:00','17:00:00'),(638,30,'2024-02-27 00:00:00','08:00:00','17:00:00'),(639,30,'2024-02-28 00:00:00','08:00:00','17:00:00'),(640,30,'2024-02-29 00:00:00','08:00:00','17:00:00'),(641,31,'2024-02-01 00:00:00','08:00:00','17:00:00'),(642,31,'2024-02-02 00:00:00','08:00:00','17:00:00'),(643,31,'2024-02-05 00:00:00','08:00:00','17:00:00'),(644,31,'2024-02-06 00:00:00','08:00:00','17:00:00'),(645,31,'2024-02-07 00:00:00','08:00:00','17:00:00'),(646,31,'2024-02-08 00:00:00','08:00:00','17:00:00'),(647,31,'2024-02-09 00:00:00','08:00:00','17:00:00'),(648,31,'2024-02-12 00:00:00','08:00:00','17:00:00'),(649,31,'2024-02-13 00:00:00','08:00:00','17:00:00'),(650,31,'2024-02-14 00:00:00','08:00:00','17:00:00'),(651,31,'2024-02-15 00:00:00','08:00:00','17:00:00'),(652,31,'2024-02-16 00:00:00','08:00:00','17:00:00'),(653,31,'2024-02-19 00:00:00','08:00:00','17:00:00'),(654,31,'2024-02-20 00:00:00','08:00:00','17:00:00'),(655,31,'2024-02-21 00:00:00','08:00:00','17:00:00'),(656,31,'2024-02-22 00:00:00','08:00:00','17:00:00'),(657,31,'2024-02-23 00:00:00','08:00:00','17:00:00'),(658,31,'2024-02-26 00:00:00','08:00:00','17:00:00'),(659,31,'2024-02-27 00:00:00','08:00:00','17:00:00'),(660,31,'2024-02-28 00:00:00','08:00:00','17:00:00'),(661,31,'2024-02-29 00:00:00','08:00:00','17:00:00'),(662,32,'2024-02-01 00:00:00','08:00:00','17:00:00'),(663,32,'2024-02-02 00:00:00','08:00:00','17:00:00'),(664,32,'2024-02-05 00:00:00','08:00:00','17:00:00'),(665,32,'2024-02-06 00:00:00','08:00:00','17:00:00'),(666,32,'2024-02-07 00:00:00','08:00:00','17:00:00'),(667,32,'2024-02-08 00:00:00','08:00:00','17:00:00'),(668,32,'2024-02-09 00:00:00','08:00:00','17:00:00'),(669,32,'2024-02-12 00:00:00','08:00:00','17:00:00'),(670,32,'2024-02-13 00:00:00','08:00:00','17:00:00'),(671,32,'2024-02-14 00:00:00','08:00:00','17:00:00'),(672,32,'2024-02-15 00:00:00','08:00:00','17:00:00'),(673,32,'2024-02-16 00:00:00','08:00:00','17:00:00'),(674,32,'2024-02-19 00:00:00','08:00:00','17:00:00'),(675,32,'2024-02-20 00:00:00','08:00:00','17:00:00'),(676,32,'2024-02-21 00:00:00','08:00:00','17:00:00'),(677,32,'2024-02-22 00:00:00','08:00:00','17:00:00'),(678,32,'2024-02-23 00:00:00','08:00:00','17:00:00'),(679,32,'2024-02-26 00:00:00','08:00:00','17:00:00'),(680,32,'2024-02-27 00:00:00','08:00:00','17:00:00'),(681,32,'2024-02-28 00:00:00','08:00:00','17:00:00'),(682,32,'2024-02-29 00:00:00','08:00:00','17:00:00'),(683,33,'2024-02-01 00:00:00','08:00:00','17:00:00'),(684,33,'2024-02-02 00:00:00','08:00:00','17:00:00'),(685,33,'2024-02-05 00:00:00','08:00:00','17:00:00'),(686,33,'2024-02-06 00:00:00','08:00:00','17:00:00'),(687,33,'2024-02-07 00:00:00','08:00:00','17:00:00'),(688,33,'2024-02-08 00:00:00','08:00:00','17:00:00'),(689,33,'2024-02-09 00:00:00','08:00:00','17:00:00'),(690,33,'2024-02-12 00:00:00','08:00:00','17:00:00'),(691,33,'2024-02-13 00:00:00','08:00:00','17:00:00'),(692,33,'2024-02-14 00:00:00','08:00:00','17:00:00'),(693,33,'2024-02-15 00:00:00','08:00:00','17:00:00'),(694,33,'2024-02-16 00:00:00','08:00:00','17:00:00'),(695,33,'2024-02-19 00:00:00','08:00:00','17:00:00'),(696,33,'2024-02-20 00:00:00','08:00:00','17:00:00'),(697,33,'2024-02-21 00:00:00','08:00:00','17:00:00'),(698,33,'2024-02-22 00:00:00','08:00:00','17:00:00'),(699,33,'2024-02-23 00:00:00','08:00:00','17:00:00'),(700,33,'2024-02-26 00:00:00','08:00:00','17:00:00'),(701,33,'2024-02-27 00:00:00','08:00:00','17:00:00'),(702,33,'2024-02-28 00:00:00','08:00:00','17:00:00'),(703,33,'2024-02-29 00:00:00','08:00:00','17:00:00'),(704,34,'2024-02-01 00:00:00','08:00:00','17:00:00'),(705,34,'2024-02-02 00:00:00','08:00:00','17:00:00'),(706,34,'2024-02-05 00:00:00','08:00:00','17:00:00'),(707,34,'2024-02-06 00:00:00','08:00:00','17:00:00'),(708,34,'2024-02-07 00:00:00','08:00:00','17:00:00'),(709,34,'2024-02-08 00:00:00','08:00:00','17:00:00'),(710,34,'2024-02-09 00:00:00','08:00:00','17:00:00'),(711,34,'2024-02-12 00:00:00','08:00:00','17:00:00'),(712,34,'2024-02-13 00:00:00','08:00:00','17:00:00'),(713,34,'2024-02-14 00:00:00','08:00:00','17:00:00'),(714,34,'2024-02-15 00:00:00','08:00:00','17:00:00'),(715,34,'2024-02-16 00:00:00','08:00:00','17:00:00'),(716,34,'2024-02-19 00:00:00','08:00:00','17:00:00'),(717,34,'2024-02-20 00:00:00','08:00:00','17:00:00'),(718,34,'2024-02-21 00:00:00','08:00:00','17:00:00'),(719,34,'2024-02-22 00:00:00','08:00:00','17:00:00'),(720,34,'2024-02-23 00:00:00','08:00:00','17:00:00'),(721,34,'2024-02-26 00:00:00','08:00:00','17:00:00'),(722,34,'2024-02-27 00:00:00','08:00:00','17:00:00'),(723,34,'2024-02-28 00:00:00','08:00:00','17:00:00'),(724,34,'2024-02-29 00:00:00','08:00:00','17:00:00');
/*!40000 ALTER TABLE `attendance` ENABLE KEYS */;
UNLOCK TABLES;

--
-- Table structure for table `department`
--

DROP TABLE IF EXISTS `department`;
/*!40101 SET @saved_cs_client     = @@character_set_client */;
/*!50503 SET character_set_client = utf8mb4 */;
CREATE TABLE `department` (
  `dept_id` int(11) NOT NULL AUTO_INCREMENT,
  `dept_desc` varchar(255) COLLATE utf8mb4_unicode_ci DEFAULT NULL,
  PRIMARY KEY (`dept_id`),
  UNIQUE KEY `dept_id_UNIQUE` (`dept_id`)
) ENGINE=InnoDB AUTO_INCREMENT=8 DEFAULT CHARSET=utf8mb4 COLLATE=utf8mb4_unicode_ci;
/*!40101 SET character_set_client = @saved_cs_client */;

--
-- Dumping data for table `department`
--

LOCK TABLES `department` WRITE;
/*!40000 ALTER TABLE `department` DISABLE KEYS */;
INSERT INTO `department` VALUES (1,'Executive'),(2,'Human Resources'),(3,'Accounting'),(4,'Operations'),(5,'Sales & Marketing'),(6,'Supply Chain'),(7,'IT');
/*!40000 ALTER TABLE `department` ENABLE KEYS */;
UNLOCK TABLES;

--
-- Table structure for table `employee`
--

DROP TABLE IF EXISTS `employee`;
/*!40101 SET @saved_cs_client     = @@character_set_client */;
/*!50503 SET character_set_client = utf8mb4 */;
CREATE TABLE `employee` (
  `id` int(11) NOT NULL AUTO_INCREMENT,
  `address` varchar(255) COLLATE utf8mb4_unicode_ci DEFAULT NULL,
  `base_salary` decimal(38,2) DEFAULT NULL,
  `clothing_allowance` decimal(38,2) DEFAULT NULL,
  `dateofbirth` date DEFAULT NULL,
  `email` varchar(80) COLLATE utf8mb4_unicode_ci DEFAULT NULL,
  `firstname` varchar(255) COLLATE utf8mb4_unicode_ci DEFAULT NULL,
  `gross_semi_monthlyrate` decimal(38,2) DEFAULT NULL,
  `hourlyrate` decimal(38,2) DEFAULT NULL,
  `lastname` varchar(255) COLLATE utf8mb4_unicode_ci DEFAULT NULL,
  `pagibig` varchar(12) COLLATE utf8mb4_unicode_ci DEFAULT NULL,
  `philhealth` varchar(12) COLLATE utf8mb4_unicode_ci DEFAULT NULL,
  `phone_allowance` decimal(38,2) DEFAULT NULL,
  `phone_number` varchar(11) COLLATE utf8mb4_unicode_ci DEFAULT NULL,
  `rice_sub` decimal(38,2) DEFAULT NULL,
  `sss` varchar(12) COLLATE utf8mb4_unicode_ci DEFAULT NULL,
  `status` varchar(255) COLLATE utf8mb4_unicode_ci DEFAULT NULL,
  `supervisor` varchar(255) COLLATE utf8mb4_unicode_ci DEFAULT NULL,
  `tin` varchar(15) COLLATE utf8mb4_unicode_ci DEFAULT NULL,
  `vacation_hours` double DEFAULT NULL,
  `sick_hours` double DEFAULT NULL,
  `positionId` int(11) NOT NULL,
  `deptId` int(11) NOT NULL,
  PRIMARY KEY (`id`),
  UNIQUE KEY `id_UNIQUE` (`id`),
  UNIQUE KEY `email_UNIQUE` (`email`),
  KEY `dept_id_idx` (`deptId`),
  KEY `positionId_idx` (`positionId`),
  CONSTRAINT `deptId` FOREIGN KEY (`deptId`) REFERENCES `department` (`dept_id`),
  CONSTRAINT `positionId` FOREIGN KEY (`positionId`) REFERENCES `position` (`positionId`)
) ENGINE=InnoDB AUTO_INCREMENT=37 DEFAULT CHARSET=utf8mb4 COLLATE=utf8mb4_unicode_ci;
/*!40101 SET character_set_client = @saved_cs_client */;

--
-- Dumping data for table `employee`
--

LOCK TABLES `employee` WRITE;
/*!40000 ALTER TABLE `employee` DISABLE KEYS */;
INSERT INTO `employee` VALUES (1,'Valero Carpark Building Valero Street 1227, Makati City',90000.00,1000.00,'1983-10-11','mgarcia@motorph.com','Manuel III',45000.00,535.71,'Garcia','691295330870','820126853951',2000.00,'966-860-270',1500.00,'44-4506057-3','Regular','','442-605-657-000',NULL,NULL,1,1),(2,'San Antonio De Padua 2, Block 1 Lot 8 and 2, Dasmarinas, Cavite',60000.00,1000.00,'1988-06-19','alim@motorph.com','Antonio',30000.00,357.14,'Lim','663904995411','331735646338',2000.00,'171-867-411',1500.00,'52-2061274-9','Regular','Garcia, Manuel III','683-102-776-000',NULL,NULL,2,1),(3,'Rm. 402 4/F Jiao Building Timog Avenue Cor. Quezon Avenue 1100, Quezon City',60000.00,1000.00,'1989-08-04','baquino@motorph.com','Bianca Sofia',30000.00,357.14,'Aquino','171519773969','177451189665',2000.00,'966-889-370',1500.00,'30-8870406-2','Regular','Garcia, Manuel III','971-711-280-000',NULL,NULL,3,1),(4,'460 Solanda Street Intramuros 1000, Manila',60000.00,1000.00,'1994-06-16','ireyes@motorph.com','Isabella',30000.00,357.14,'Reyes','416946776041','341911411254',2000.00,'786-868-477',1500.00,'40-2511815-0','Regular','Garcia, Manuel III','876-809-437-000',NULL,NULL,4,1),(5,'National Highway, Gingoog,  Misamis Occidental',52670.00,1000.00,'1989-09-23','ehernandez@motorph.com','Eduard',26335.00,313.51,'Hernandez','952347222457','957436191812',1000.00,'088-861-012',1500.00,'50-5577638-1','Regular','Lim, Antonio','031-702-374-000',NULL,NULL,5,7),(6,'17/85 Stracke Via Suite 042, Poblacion, Las Piñas 4783 Dinagat Islands ',52670.00,1000.00,'1988-02-14','avillanueva@motorph.com','Andrea Mae',26335.00,313.51,'Villanueva','441093369646','382189453145',1000.00,'918-621-603',1500.00,'49-1632020-8','Regular','Lim, Antonio','317-674-022-000',NULL,NULL,6,2),(7,'99 Strosin Hills, Poblacion, Bislig 5340 Tawi-Tawi',42975.00,800.00,'1996-03-15','bsan jose@motorph.com','Brad ',21487.50,255.80,'San Jose','210850209964','239192926939',800.00,'797-009-261',1500.00,'40-2400714-1','Regular','Villanueva, Andrea Mae','672-474-690-000',NULL,NULL,7,2),(8,'12A/33 Upton Isle Apt. 420, Roxas City 1814 Surigao del Norte ',22500.00,500.00,'1992-05-14','aromualdez@motorph.com','Alice',11250.00,133.93,'Romualdez','211385556888','545652640232',500.00,'983-606-799',1500.00,'55-4476527-2','Regular','San, Jose Brad','888-572-294-000',NULL,NULL,8,2),(9,'90A Dibbert Terrace Apt. 190, San Lorenzo 6056 Davao del Norte',22500.00,500.00,'1948-09-24','ratienza@motorph.com','Rosie ',11250.00,133.93,'Atienza','260107732354','708988234853',500.00,'266-036-427',1500.00,'41-0644692-3','Regular','San, Jose Brad','604-997-793-000',NULL,NULL,8,2),(10,'#284 T. Morato corner, Scout Rallos Street, Quezon City',52670.00,1000.00,'1988-03-30','ralvaro@motorph.com','Roderick',26335.00,313.51,'Alvaro','799254095212','578114853194',1000.00,'053-381-386',1500.00,'64-7605054-4','Regular','Aquino, Bianca Sofia ','525-420-419-000',NULL,NULL,12,3),(11,'93/54 Shanahan Alley Apt. 183, Santo Tomas 1572 Masbate',50825.00,1000.00,'1993-09-14','asalcedo@motorph.com','Anthony',25412.50,302.53,'Salcedo','218002473454','126445315651',1000.00,'070-766-300',1500.00,'26-9647608-3','Regular','Alvaro, Roderick','210-805-911-000',NULL,NULL,6,3),(12,'49 Springs Apt. 266, Poblacion, Taguig 3200 Occidental Mindoro',38475.00,800.00,'1987-01-14','jlopez@motorph.com','Josie ',19237.50,229.02,'Lopez','113071293354','431709011012',800.00,'478-355-421',1500.00,'44-8563448-3','Regular','Salcedo, Anthony','218-489-737-000',0,0,7,3),(13,'42/25 Sawayn Stream, Ubay 1208 Zamboanga del Norte ',24000.00,500.00,'1942-01-11','mfarala@motorph.com','Martha',12000.00,142.86,'Farala','631130283546','233693897247',500.00,'329-034-366',1500.00,'45-5656375-0','Regular','Salcedo, Anthony','210-835-851-000',NULL,NULL,8,3),(14,'37/46 Kulas Roads, Maragondon 0962 Quirino ',24000.00,500.00,'1970-07-11','lmartinez@motorph.com','Leila',12000.00,142.86,'Martinez','101205445886','515741057496',500.00,'877-110-749',1500.00,'27-2090996-4','Regular','Salcedo, Anthony','275-792-513-000',NULL,NULL,8,3),(15,'22A/52 Lubowitz Meadows, Pililla 4895 Zambales',53500.00,1000.00,'1985-03-10','fromualdez@motorph.com','Fredrick ',26750.00,318.45,'Romualdez','223057707853','308366860059',1000.00,'023-079-009',1500.00,'26-8768374-1','Regular','Lim, Antonio','598-065-761-000',NULL,NULL,6,4),(16,'90 O\'Keefe Spur Apt. 379, Catigbian 2772 Sulu ',42975.00,800.00,'1987-10-21','cmata@motorph.com','Christian',21487.50,255.80,'Mata','631052853464','824187961962',800.00,'783-776-744',1500.00,'49-2959312-6','Regular','Romualdez, Fredrick ','103-100-522-000',NULL,NULL,7,4),(17,'89A Armstrong Trace, Compostela 7874 Maguindanao',41850.00,800.00,'1975-02-20','sdeleon@motorph.com','Selena ',20925.00,249.11,'De Leon','719007608464','587272469938',800.00,'975-432-139',1500.00,'27-2090208-8','Regular','Romualdez, Fredrick ','482-259-498-000',NULL,NULL,7,4),(18,'08 Grant Drive Suite 406, Poblacion, Iloilo City 9186 La Union',22500.00,500.00,'1986-06-24','asanjose@motorph.com','Allison ',11250.00,133.93,'San Jose','114901859343','745148459521',500.00,'179-075-129',1500.00,'45-3251383-0','Regular','Mata, Christian','121-203-336-000',NULL,NULL,8,4),(19,'93A/21 Berge Points, Tapaz 2180 Quezon',22500.00,500.00,'1996-10-06','crosario@motorph.com','Cydney ',11250.00,133.93,'Rosario','265104358643','579253435499',500.00,'868-819-912',1500.00,'49-1629900-2','Regular','Mata, Christian','122-244-511-000',NULL,NULL,8,4),(20,'65 Murphy Center Suite 094, Poblacion, Palayan 5636 Quirino',23250.00,500.00,'1991-02-12','mbautista@motorph.com','Mark ',11625.00,138.39,'Bautista','260054585575','399665157135',500.00,'683-725-348',1500.00,'49-1647342-5','Regular','Mata, Christian','273-970-941-000',NULL,NULL,8,4),(21,'47A/94 Larkin Plaza Apt. 179, Poblacion, Caloocan 2751 Quirino',23250.00,500.00,'1985-11-25','dlazaro@motorph.com','Darlene ',11625.00,138.39,'Lazaro','104907708845','606386917510',500.00,'740-721-558',1500.00,'45-5617168-2','Probationary','Mata, Christian','354-650-951-000',NULL,NULL,8,4),(22,'06A Gulgowski Extensions, Bongabon 6085 Zamboanga del Sur',24000.00,500.00,'1980-02-26','kdelossantos@motorph.com','Kolby ',12000.00,142.86,'Delos Santos','113017988667','357451271274',500.00,'739-443-033',1500.00,'52-0109570-6','Probationary','Mata, Christian','187-500-345-000',NULL,NULL,8,4),(23,'99A Padberg Spring, Poblacion, Mabalacat 3959 Lanao del Sur',22500.00,500.00,'1983-12-31','vsantos@motorph.com','Vella ',11250.00,133.93,'Santos','360028104576','548670482885',500.00,'955-879-269',1500.00,'52-9883524-3','Probationary','Mata, Christian','101-558-994-000',NULL,NULL,8,4),(24,'80A/48 Ledner Ridges, Poblacion, Kabankalan 8870 Marinduque',22500.00,500.00,'1978-12-18','tdelrosario@motorph.com','Tomas',11250.00,133.93,'Del Rosario','913108649964','953901539995',500.00,'882-550-989',1500.00,'45-5866331-6','Probationary','Mata, Christian','560-735-732-000',NULL,NULL,8,4),(25,'96/48 Watsica Flats Suite 734, Poblacion, Malolos 1844 Ifugao',24000.00,500.00,'1984-05-19','jtolentino@motorph.com','Jacklyn ',12000.00,142.86,'Tolentino','210546661243','753800654114',500.00,'675-757-366',1500.00,'47-1692793-0','Probationary','De Leon, Selena','841-177-857-000',NULL,NULL,8,4),(26,'58A Wilderman Walks, Poblacion, Digos 5822 Davao del Sur',24750.00,500.00,'1970-12-18','pgutierrez@motorph.com','Percival ',12375.00,147.32,'Gutierrez','210897095686','797639382265',500.00,'512-899-876',1500.00,'40-9504657-8','Probationary','De Leon, Selena','502-995-671-000',NULL,NULL,8,4),(27,'60 Goyette Valley Suite 219, Poblacion, Tabuk 3159 Lanao del Sur',24750.00,500.00,'1986-08-28','gmanalaysay@motorph.com','Garfield ',12375.00,147.32,'Manalaysay','211274476563','810909286264',500.00,'948-628-136',1500.00,'45-3298166-4','Probationary','De Leon, Selena','336-676-445-000',NULL,NULL,8,4),(28,'66/77 Mann Views, Luisiana 1263 Dinagat Islands',24000.00,500.00,'1981-12-12','lvillegas@motorph.com','Lizeth ',12000.00,142.86,'Villegas','122238077997','934389652994',500.00,'332-372-215',1500.00,'40-2400719-4','Probationary','De Leon, Selena','210-395-397-000',NULL,NULL,8,4),(29,'72/70 Stamm Spurs, Bustos 4550 Iloilo',22500.00,500.00,'1978-08-20','cramos@motorph.com','Carol ',11250.00,133.93,'Ramos','212141893454','351830469744',500.00,'250-700-389',1500.00,'60-1152206-4','Probationary','De Leon, Selena','395-032-717-000',NULL,NULL,8,4),(30,'50A/83 Bahringer Oval Suite 145, Kiamba 7688 Nueva Ecija',22500.00,500.00,'1973-04-14','emaceda@motorph.com','Emelia ',11250.00,133.93,'Maceda','515012579765','465087894112',500.00,'973-358-041',1500.00,'54-1331005-0','Probationary','De Leon, Selena','215-973-013-000',NULL,NULL,8,4),(31,'95 Cremin Junction, Surallah 2809 Cotabato',22500.00,500.00,'1989-01-27','daguilar@motorph.com','Delia ',11250.00,133.93,'Aguilar','110018813465','136451303068',500.00,'529-705-439',1500.00,'52-1859253-1','Probationary','De Leon, Selena','599-312-588-000',NULL,NULL,8,4),(32,'Hi-way, Yati, Liloan Cebu',52670.00,1000.00,'1992-02-09','jcastro@motorph.com','John Rafael',26335.00,313.51,'Castro','697764069311','601644902402',1000.00,'332-424-955',1500.00,'26-7145133-4','Regular','Reyes, Isabella','404-768-309-000',NULL,NULL,9,5),(33,'Bulala, Camalaniugan',52670.00,1000.00,'1990-11-16','cmartinez@motorph.com','Carlos Ian',26335.00,313.51,'Martinez','993372963726','380685387212',1000.00,'078-854-208',1500.00,'11-5062972-7','Regular','Reyes, Isabella','256-436-296-000',NULL,NULL,10,6),(34,'Agapita Building, Metro Manila',52670.00,1000.00,'1990-08-07','bsantos@motorph.com','Beatriz',26335.00,313.51,'Santos','874042259378','918460050077',1000.00,'526-639-511',1500.00,'20-2987501-5','Regular','Reyes, Isabella','911-529-713-000',NULL,NULL,11,5),(35,'Yolo',400000.00,30000.00,'1990-03-09','nroque@motorph.com','Nikko',200000.00,10000.00,'Roque','123456123423','999999999999',50000.00,'333-333-111',40000.00,'11-2032451-2','Regular',NULL,'911-119-911-119',0,0,1,1),(36,'1000 Itzy Street, Barangay BlackPink',60000.00,1000.00,'2003-03-21','stolentino@motorph.com','Sid',30000.00,357.14,'Tolentino','952347222457','957436191812',1000.00,'918-621-603',1500.00,'50-5577638-1','Contract','Roque, Nikko','031-702-374-000',0,0,5,7);
/*!40000 ALTER TABLE `employee` ENABLE KEYS */;
UNLOCK TABLES;

--
-- Temporary view structure for view `employee_details`
--

DROP TABLE IF EXISTS `employee_details`;
/*!50001 DROP VIEW IF EXISTS `employee_details`*/;
SET @saved_cs_client     = @@character_set_client;
/*!50503 SET character_set_client = utf8mb4 */;
/*!50001 CREATE VIEW `employee_details` AS SELECT 
 1 AS `First Name`,
 1 AS `Last Name`,
 1 AS `Email`,
 1 AS `Contact Number`,
 1 AS `Immediate Supervisor`,
 1 AS `Position`,
 1 AS `Department`*/;
SET character_set_client = @saved_cs_client;

--
-- Temporary view structure for view `employee_hours`
--

DROP TABLE IF EXISTS `employee_hours`;
/*!50001 DROP VIEW IF EXISTS `employee_hours`*/;
SET @saved_cs_client     = @@character_set_client;
/*!50503 SET character_set_client = utf8mb4 */;
/*!50001 CREATE VIEW `employee_hours` AS SELECT 
 1 AS `Log ID`,
 1 AS `Date`,
 1 AS `Employee ID`,
 1 AS `Employee Name`,
 1 AS `Punch In`,
 1 AS `Punch Out`,
 1 AS `Worked Hours`,
 1 AS `Regular Work Hours`,
 1 AS `Overtime`,
 1 AS `Late`*/;
SET character_set_client = @saved_cs_client;

--
-- Temporary view structure for view `employee_roles`
--

DROP TABLE IF EXISTS `employee_roles`;
/*!50001 DROP VIEW IF EXISTS `employee_roles`*/;
SET @saved_cs_client     = @@character_set_client;
/*!50503 SET character_set_client = utf8mb4 */;
/*!50001 CREATE VIEW `employee_roles` AS SELECT 
 1 AS `Employee ID`,
 1 AS `Email`,
 1 AS `Roles`*/;
SET character_set_client = @saved_cs_client;

--
-- Table structure for table `payroll`
--

DROP TABLE IF EXISTS `payroll`;
/*!40101 SET @saved_cs_client     = @@character_set_client */;
/*!50503 SET character_set_client = utf8mb4 */;
CREATE TABLE `payroll` (
  `payroll_id` varchar(13) COLLATE utf8mb4_unicode_ci NOT NULL,
  `employeeId` int(11) DEFAULT NULL,
  `pay_period_from` date DEFAULT NULL,
  `pay_period_to` date DEFAULT NULL,
  `days_worked` double DEFAULT NULL,
  `allowance_clothing` decimal(10,0) DEFAULT NULL,
  `allowance_phone` decimal(10,0) DEFAULT NULL,
  `allowance_rice` decimal(10,0) DEFAULT NULL,
  `deduction_philhealth` decimal(10,0) DEFAULT NULL,
  `deduction_pagibig` decimal(10,0) DEFAULT NULL,
  `deduction_tin` decimal(10,0) DEFAULT NULL,
  `deduction_sss` decimal(10,0) DEFAULT NULL,
  `gross_pay` decimal(10,0) DEFAULT NULL,
  `net_pay` decimal(10,0) DEFAULT NULL,
  `employee_name` varchar(255) COLLATE utf8mb4_unicode_ci DEFAULT NULL,
  `gross_semi_monthlyrate` decimal(10,0) DEFAULT NULL,
  `position` varchar(50) COLLATE utf8mb4_unicode_ci DEFAULT NULL,
  `department` varchar(50) COLLATE utf8mb4_unicode_ci DEFAULT NULL,
  `overtime` decimal(2,0) DEFAULT NULL,
  PRIMARY KEY (`payroll_id`),
  UNIQUE KEY `payroll_id_UNIQUE` (`payroll_id`),
  KEY `eid_idx` (`employeeId`),
  CONSTRAINT `employeeId` FOREIGN KEY (`employeeId`) REFERENCES `employee` (`id`)
) ENGINE=InnoDB DEFAULT CHARSET=utf8mb4 COLLATE=utf8mb4_unicode_ci;
/*!40101 SET character_set_client = @saved_cs_client */;

--
-- Dumping data for table `payroll`
--

LOCK TABLES `payroll` WRITE;
/*!40000 ALTER TABLE `payroll` DISABLE KEYS */;
INSERT INTO `payroll` VALUES ('14-2024-02-1',1,'2024-02-01','2024-02-14',10,500,1000,750,675,100,0,1125,45000,42183,'Manuel III Garcia',45000,'Chief Executive Officer','Executive',0),('14-2024-02-10',10,'2024-02-01','2024-02-14',10,500,500,750,395,100,0,1125,26335,27115,'Roderick Alvaro',26335,'Department Head','Accounting',0),('14-2024-02-2',2,'2024-02-01','2024-02-14',10,500,1000,750,450,100,0,1125,30000,30992,'Antonio Lim',30000,'Chie Operating Officer','Executive',0),('14-2024-02-3',3,'2024-02-01','2024-02-14',10,500,1000,750,450,100,0,1125,30000,30992,'Bianca Sofia Aquino',30000,'Chief Finance Officer','Executive',0),('14-2024-02-4',4,'2024-02-01','2024-02-14',10,500,1000,750,450,100,0,1125,30000,30992,'Isabella Reyes',30000,'Chief Marketing Officer','Executive',0),('14-2024-02-5',5,'2024-02-01','2024-02-14',10,500,500,750,395,100,0,1125,26335,27115,'Eduard Hernandez',26335,'IT Operations and Systems','IT',0),('14-2024-02-6',6,'2024-02-01','2024-02-14',10,500,500,750,395,100,0,1125,26335,27115,'Andrea Mae Villanueva',26335,'Manager','Human Resources',0),('14-2024-02-7',7,'2024-02-01','2024-02-14',10,400,400,750,322,100,0,945,21488,23089,'Brad  San Jose',21488,'Team Leader','Human Resources',0),('14-2024-02-8',8,'2024-02-01','2024-02-14',10,250,250,750,169,100,0,495,11250,12986,'Alice Romualdez',11250,'Rank and File','Human Resources',0),('14-2024-02-9',9,'2024-02-01','2024-02-14',10,250,250,750,169,100,0,495,11250,12986,'Rosie  Atienza',11250,'Rank and File','Human Resources',0),('31-2023-12-15',15,'2023-12-18','2023-12-31',10,1000,2000,1500,450,100,0,900,26750,29800,'Fredrick  Romualdez',26750,'Manager','Operations',2);
/*!40000 ALTER TABLE `payroll` ENABLE KEYS */;
UNLOCK TABLES;

--
-- Temporary view structure for view `payroll_list`
--

DROP TABLE IF EXISTS `payroll_list`;
/*!50001 DROP VIEW IF EXISTS `payroll_list`*/;
SET @saved_cs_client     = @@character_set_client;
/*!50503 SET character_set_client = utf8mb4 */;
/*!50001 CREATE VIEW `payroll_list` AS SELECT 
 1 AS `PID`,
 1 AS `EID`,
 1 AS `Employee Name`,
 1 AS `From`,
 1 AS `To`,
 1 AS `Days Worked`,
 1 AS `Total Deduction`,
 1 AS `Total Allowance`,
 1 AS `Gross Pay`,
 1 AS `Net Pay`,
 1 AS `Department`*/;
SET character_set_client = @saved_cs_client;

--
-- Table structure for table `position`
--

DROP TABLE IF EXISTS `position`;
/*!40101 SET @saved_cs_client     = @@character_set_client */;
/*!50503 SET character_set_client = utf8mb4 */;
CREATE TABLE `position` (
  `positionId` int(11) NOT NULL AUTO_INCREMENT,
  `title` varchar(45) COLLATE utf8mb4_unicode_ci NOT NULL,
  PRIMARY KEY (`positionId`),
  UNIQUE KEY `positionId_UNIQUE` (`positionId`)
) ENGINE=InnoDB AUTO_INCREMENT=13 DEFAULT CHARSET=utf8mb4 COLLATE=utf8mb4_unicode_ci;
/*!40101 SET character_set_client = @saved_cs_client */;

--
-- Dumping data for table `position`
--

LOCK TABLES `position` WRITE;
/*!40000 ALTER TABLE `position` DISABLE KEYS */;
INSERT INTO `position` VALUES (1,'Chief Executive Officer'),(2,'Chief Operating Officer'),(3,'Chief Finance Officer'),(4,'Chief Marketing Officer'),(5,'IT Operations and Systems'),(6,'Manager'),(7,'Team Leader'),(8,'Rank and File'),(9,'Sakes & Marketing'),(10,'Supply Chain & Logistics'),(11,'Customer Service and Relations'),(12,'Department Head');
/*!40000 ALTER TABLE `position` ENABLE KEYS */;
UNLOCK TABLES;

--
-- Table structure for table `role`
--

DROP TABLE IF EXISTS `role`;
/*!40101 SET @saved_cs_client     = @@character_set_client */;
/*!50503 SET character_set_client = utf8mb4 */;
CREATE TABLE `role` (
  `roleId` int(11) NOT NULL AUTO_INCREMENT,
  `name` varchar(20) COLLATE utf8mb4_unicode_ci DEFAULT NULL,
  PRIMARY KEY (`roleId`),
  UNIQUE KEY `roleId_UNIQUE` (`roleId`)
) ENGINE=InnoDB AUTO_INCREMENT=10 DEFAULT CHARSET=utf8mb4 COLLATE=utf8mb4_unicode_ci;
/*!40101 SET character_set_client = @saved_cs_client */;

--
-- Dumping data for table `role`
--

LOCK TABLES `role` WRITE;
/*!40000 ALTER TABLE `role` DISABLE KEYS */;
INSERT INTO `role` VALUES (1,'Administrator'),(2,'Executive'),(3,'Manager'),(4,'Supervisor'),(5,'Accounting'),(6,'Human Resources'),(7,'Operations'),(8,'Sales'),(9,'IT');
/*!40000 ALTER TABLE `role` ENABLE KEYS */;
UNLOCK TABLES;

--
-- Table structure for table `transaction_logs`
--

DROP TABLE IF EXISTS `transaction_logs`;
/*!40101 SET @saved_cs_client     = @@character_set_client */;
/*!50503 SET character_set_client = utf8mb4 */;
CREATE TABLE `transaction_logs` (
  `transactionId` int(11) NOT NULL AUTO_INCREMENT,
  `category` varchar(45) COLLATE utf8mb4_unicode_ci DEFAULT NULL,
  `modId` int(11) DEFAULT NULL,
  `tr_type` varchar(45) COLLATE utf8mb4_unicode_ci DEFAULT NULL,
  `regdate` datetime DEFAULT NULL,
  `employeeId` int(11) DEFAULT NULL,
  PRIMARY KEY (`transactionId`),
  UNIQUE KEY `transactionId_UNIQUE` (`transactionId`),
  KEY `eployeeId_transaction_idx` (`employeeId`),
  CONSTRAINT `eployeeId_transaction` FOREIGN KEY (`employeeId`) REFERENCES `employee` (`id`)
) ENGINE=InnoDB DEFAULT CHARSET=utf8mb4 COLLATE=utf8mb4_unicode_ci;
/*!40101 SET character_set_client = @saved_cs_client */;

--
-- Dumping data for table `transaction_logs`
--

LOCK TABLES `transaction_logs` WRITE;
/*!40000 ALTER TABLE `transaction_logs` DISABLE KEYS */;
/*!40000 ALTER TABLE `transaction_logs` ENABLE KEYS */;
UNLOCK TABLES;

--
-- Table structure for table `user`
--

DROP TABLE IF EXISTS `user`;
/*!40101 SET @saved_cs_client     = @@character_set_client */;
/*!50503 SET character_set_client = utf8mb4 */;
CREATE TABLE `user` (
  `id` int(11) NOT NULL AUTO_INCREMENT,
  `username` varchar(80) COLLATE utf8mb4_unicode_ci DEFAULT NULL,
  `password` char(30) COLLATE utf8mb4_unicode_ci DEFAULT NULL,
  PRIMARY KEY (`id`),
  UNIQUE KEY `username_UNIQUE` (`username`),
  CONSTRAINT `user_ibfuserk_1` FOREIGN KEY (`username`) REFERENCES `employee` (`email`)
) ENGINE=InnoDB AUTO_INCREMENT=42 DEFAULT CHARSET=utf8mb4 COLLATE=utf8mb4_unicode_ci;
/*!40101 SET character_set_client = @saved_cs_client */;

--
-- Dumping data for table `user`
--

LOCK TABLES `user` WRITE;
/*!40000 ALTER TABLE `user` DISABLE KEYS */;
INSERT INTO `user` VALUES (1,'mgarcia@motorph.com','AnxSdyNanjXLOxSVt/j6Hg=='),(2,'alim@motorph.com',NULL),(3,'baquino@motorph.com',NULL),(4,'ireyes@motorph.com',NULL),(5,'ehernandez@motorph.com',NULL),(6,'avillanueva@motorph.com','AnxSdyNanjXLOxSVt/j6Hg=='),(7,'bsan jose@motorph.com',NULL),(8,'aromualdez@motorph.com',NULL),(9,'ratienza@motorph.com',NULL),(10,'ralvaro@motorph.com',NULL),(11,'asalcedo@motorph.com',NULL),(12,'jlopez@motorph.com',NULL),(13,'mfarala@motorph.com',NULL),(14,'lmartinez@motorph.com',NULL),(15,'fromualdez@motorph.com',NULL),(16,'cmata@motorph.com',NULL),(17,'sdeleon@motorph.com',NULL),(18,'asanjose@motorph.com',NULL),(19,'crosario@motorph.com',NULL),(20,'mbautista@motorph.com',NULL),(21,'dlazaro@motorph.com',NULL),(22,'kdelossantos@motorph.com',NULL),(23,'vsantos@motorph.com','AnxSdyNanjXLOxSVt/j6Hg=='),(24,'tdelrosario@motorph.com',NULL),(25,'jtolentino@motorph.com',NULL),(26,'pgutierrez@motorph.com',NULL),(27,'gmanalaysay@motorph.com',NULL),(28,'lvillegas@motorph.com',NULL),(29,'cramos@motorph.com',NULL),(30,'emaceda@motorph.com',NULL),(31,'daguilar@motorph.com',NULL),(32,'jcastro@motorph.com',NULL),(33,'cmartinez@motorph.com','AnxSdyNanjXLOxSVt/j6Hg=='),(34,'bsantos@motorph.com',NULL),(40,'nroque@motorph.com','AnxSdyNanjXLOxSVt/j6Hg=='),(41,'stolentino@motorph.com','AnxSdyNanjXLOxSVt/j6Hg==');
/*!40000 ALTER TABLE `user` ENABLE KEYS */;
UNLOCK TABLES;

--
-- Table structure for table `user_role`
--

DROP TABLE IF EXISTS `user_role`;
/*!40101 SET @saved_cs_client     = @@character_set_client */;
/*!50503 SET character_set_client = utf8mb4 */;
CREATE TABLE `user_role` (
  `user_roles_id` int(11) NOT NULL AUTO_INCREMENT,
  `userId` int(11) DEFAULT NULL,
  `roleId` int(11) DEFAULT NULL,
  PRIMARY KEY (`user_roles_id`),
  KEY `userId_idx` (`userId`),
  KEY `roleId_idx` (`roleId`),
  CONSTRAINT `roleId` FOREIGN KEY (`roleId`) REFERENCES `role` (`roleId`),
  CONSTRAINT `userId` FOREIGN KEY (`userId`) REFERENCES `employee` (`id`)
) ENGINE=InnoDB AUTO_INCREMENT=9 DEFAULT CHARSET=utf8mb4 COLLATE=utf8mb4_unicode_ci;
/*!40101 SET character_set_client = @saved_cs_client */;

--
-- Dumping data for table `user_role`
--

LOCK TABLES `user_role` WRITE;
/*!40000 ALTER TABLE `user_role` DISABLE KEYS */;
INSERT INTO `user_role` VALUES (1,1,1),(2,1,2),(3,1,3),(4,23,2),(5,35,1),(6,6,6),(7,6,3),(8,36,9);
/*!40000 ALTER TABLE `user_role` ENABLE KEYS */;
UNLOCK TABLES;

--
-- Final view structure for view `employee_details`
--

/*!50001 DROP VIEW IF EXISTS `employee_details`*/;
/*!50001 SET @saved_cs_client          = @@character_set_client */;
/*!50001 SET @saved_cs_results         = @@character_set_results */;
/*!50001 SET @saved_col_connection     = @@collation_connection */;
/*!50001 SET character_set_client      = utf8mb4 */;
/*!50001 SET character_set_results     = utf8mb4 */;
/*!50001 SET collation_connection      = utf8mb4_general_ci */;
/*!50001 CREATE ALGORITHM=UNDEFINED */
/*!50013 DEFINER=`root`@`localhost` SQL SECURITY DEFINER */
/*!50001 VIEW `employee_details` AS select `e`.`firstname` AS `First Name`,`e`.`lastname` AS `Last Name`,`e`.`email` AS `Email`,`e`.`phone_number` AS `Contact Number`,`e`.`supervisor` AS `Immediate Supervisor`,`p`.`title` AS `Position`,`d`.`dept_desc` AS `Department` from ((`employee` `e` join `position` `p` on((`e`.`positionId` = `p`.`positionId`))) join `department` `d` on((`e`.`deptId` = `d`.`dept_id`))) */;
/*!50001 SET character_set_client      = @saved_cs_client */;
/*!50001 SET character_set_results     = @saved_cs_results */;
/*!50001 SET collation_connection      = @saved_col_connection */;

--
-- Final view structure for view `employee_hours`
--

/*!50001 DROP VIEW IF EXISTS `employee_hours`*/;
/*!50001 SET @saved_cs_client          = @@character_set_client */;
/*!50001 SET @saved_cs_results         = @@character_set_results */;
/*!50001 SET @saved_col_connection     = @@collation_connection */;
/*!50001 SET character_set_client      = utf8mb4 */;
/*!50001 SET character_set_results     = utf8mb4 */;
/*!50001 SET collation_connection      = utf8mb4_general_ci */;
/*!50001 CREATE ALGORITHM=UNDEFINED */
/*!50013 DEFINER=`root`@`localhost` SQL SECURITY DEFINER */
/*!50001 VIEW `employee_hours` AS select `a`.`id` AS `Log ID`,`a`.`date` AS `Date`,`a`.`employeeId` AS `Employee ID`,concat(`e`.`firstname`,' ',`e`.`lastname`) AS `Employee Name`,`a`.`timeIn` AS `Punch In`,`a`.`timeOut` AS `Punch Out`,(case when (cast(`a`.`timeIn` as time) < '08:00:00') then (case when (cast(`a`.`timeOut` as time) > '17:00:00') then (((time_to_sec('17:00:00') - time_to_sec('08:00:00')) - time_to_sec('01:00:00')) / 3600) else (((time_to_sec(`a`.`timeOut`) - time_to_sec('08:00:00')) - time_to_sec('01:00:00')) / 3600) end) else (case when (cast(`a`.`timeOut` as time) > '17:00:00') then (((time_to_sec('17:00:00') - time_to_sec(`a`.`timeIn`)) - time_to_sec('01:00:00')) / 3600) else (((time_to_sec(`a`.`timeOut`) - time_to_sec(`a`.`timeIn`)) - time_to_sec('01:00:00')) / 3600) end) end) AS `Worked Hours`,(case when (cast(`a`.`timeIn` as time) < '08:00:00') then (case when (cast(`a`.`timeOut` as time) > '17:00:00') then 8 else 8 end) else (case when (cast(`a`.`timeOut` as time) > '17:00:00') then 8 else 8 end) end) AS `Regular Work Hours`,(case when (cast(`a`.`timeIn` as time) < '08:00:00') then (case when (cast(`a`.`timeOut` as time) > '17:00:00') then ((((time_to_sec('17:00:00') - time_to_sec('08:00:00')) - time_to_sec('01:00:00')) / 3600) - 8) else 0 end) else (case when (cast(`a`.`timeOut` as time) > '17:00:00') then ((((time_to_sec('17:00:00') - time_to_sec(`a`.`timeIn`)) - time_to_sec('01:00:00')) / 3600) - 8) else 0 end) end) AS `Overtime`,round((case when ((8 - (case when (cast(`a`.`timeIn` as time) < '08:00:00') then (case when (cast(`a`.`timeOut` as time) > '17:00:00') then (((time_to_sec('17:00:00') - time_to_sec('08:00:00')) - time_to_sec('01:00:00')) / 3600) else (((time_to_sec(`a`.`timeOut`) - time_to_sec('08:00:00')) - time_to_sec('01:00:00')) / 3600) end) else (case when (cast(`a`.`timeOut` as time) > '17:00:00') then (((time_to_sec('17:00:00') - time_to_sec(`a`.`timeIn`)) - time_to_sec('01:00:00')) / 3600) else (((time_to_sec(`a`.`timeOut`) - time_to_sec(`a`.`timeIn`)) - time_to_sec('01:00:00')) / 3600) end) end)) > 0) then (8 - (case when (cast(`a`.`timeIn` as time) < '08:00:00') then (case when (cast(`a`.`timeOut` as time) > '17:00:00') then (((time_to_sec('17:00:00') - time_to_sec('08:00:00')) - time_to_sec('01:00:00')) / 3600) else (((time_to_sec(`a`.`timeOut`) - time_to_sec('08:00:00')) - time_to_sec('01:00:00')) / 3600) end) else (case when (cast(`a`.`timeOut` as time) > '17:00:00') then (((time_to_sec('17:00:00') - time_to_sec(`a`.`timeIn`)) - time_to_sec('01:00:00')) / 3600) else (((time_to_sec(`a`.`timeOut`) - time_to_sec(`a`.`timeIn`)) - time_to_sec('01:00:00')) / 3600) end) end)) else 0 end),0) AS `Late` from (`attendance` `a` join `employee` `e` on((`a`.`employeeId` = `e`.`id`))) order by `a`.`date` desc */;
/*!50001 SET character_set_client      = @saved_cs_client */;
/*!50001 SET character_set_results     = @saved_cs_results */;
/*!50001 SET collation_connection      = @saved_col_connection */;

--
-- Final view structure for view `employee_roles`
--

/*!50001 DROP VIEW IF EXISTS `employee_roles`*/;
/*!50001 SET @saved_cs_client          = @@character_set_client */;
/*!50001 SET @saved_cs_results         = @@character_set_results */;
/*!50001 SET @saved_col_connection     = @@collation_connection */;
/*!50001 SET character_set_client      = utf8mb4 */;
/*!50001 SET character_set_results     = utf8mb4 */;
/*!50001 SET collation_connection      = utf8mb4_general_ci */;
/*!50001 CREATE ALGORITHM=UNDEFINED */
/*!50013 DEFINER=`root`@`localhost` SQL SECURITY DEFINER */
/*!50001 VIEW `employee_roles` AS select `user`.`id` AS `Employee ID`,`user`.`username` AS `Email`,`role`.`name` AS `Roles` from ((`user` join `user_role` on((`user`.`id` = `user_role`.`userId`))) join `role` on((`user_role`.`roleId` = `role`.`roleId`))) */;
/*!50001 SET character_set_client      = @saved_cs_client */;
/*!50001 SET character_set_results     = @saved_cs_results */;
/*!50001 SET collation_connection      = @saved_col_connection */;

--
-- Final view structure for view `payroll_list`
--

/*!50001 DROP VIEW IF EXISTS `payroll_list`*/;
/*!50001 SET @saved_cs_client          = @@character_set_client */;
/*!50001 SET @saved_cs_results         = @@character_set_results */;
/*!50001 SET @saved_col_connection     = @@collation_connection */;
/*!50001 SET character_set_client      = utf8mb4 */;
/*!50001 SET character_set_results     = utf8mb4 */;
/*!50001 SET collation_connection      = utf8mb4_general_ci */;
/*!50001 CREATE ALGORITHM=UNDEFINED */
/*!50013 DEFINER=`root`@`localhost` SQL SECURITY DEFINER */
/*!50001 VIEW `payroll_list` AS select `payroll`.`payroll_id` AS `PID`,`payroll`.`employeeId` AS `EID`,`payroll`.`employee_name` AS `Employee Name`,`payroll`.`pay_period_from` AS `From`,`payroll`.`pay_period_to` AS `To`,`payroll`.`days_worked` AS `Days Worked`,(((`payroll`.`deduction_philhealth` + `payroll`.`deduction_pagibig`) + `payroll`.`deduction_tin`) + `payroll`.`deduction_sss`) AS `Total Deduction`,((`payroll`.`allowance_clothing` + `payroll`.`allowance_phone`) + `payroll`.`allowance_rice`) AS `Total Allowance`,`payroll`.`gross_pay` AS `Gross Pay`,`payroll`.`net_pay` AS `Net Pay`,`payroll`.`department` AS `Department` from `payroll` */;
/*!50001 SET character_set_client      = @saved_cs_client */;
/*!50001 SET character_set_results     = @saved_cs_results */;
/*!50001 SET collation_connection      = @saved_col_connection */;
/*!40103 SET TIME_ZONE=@OLD_TIME_ZONE */;

/*!40101 SET SQL_MODE=@OLD_SQL_MODE */;
/*!40014 SET FOREIGN_KEY_CHECKS=@OLD_FOREIGN_KEY_CHECKS */;
/*!40014 SET UNIQUE_CHECKS=@OLD_UNIQUE_CHECKS */;
/*!40101 SET CHARACTER_SET_CLIENT=@OLD_CHARACTER_SET_CLIENT */;
/*!40101 SET CHARACTER_SET_RESULTS=@OLD_CHARACTER_SET_RESULTS */;
/*!40101 SET COLLATION_CONNECTION=@OLD_COLLATION_CONNECTION */;
/*!40111 SET SQL_NOTES=@OLD_SQL_NOTES */;

-- Dump completed on 2024-03-03 14:13:07
